{
  "project_info": {
    "project_number": "935283027361",
    "project_id": "mu-ble",
    "storage_bucket": "mu-ble.appspot.com"
  },
  "client": [
    {
      "client_info": {
        "mobilesdk_app_id": "1:935283027361:android:151e2a5db2d8203fc0efe0",
        "android_client_info": {
          "package_name": "com.microchip.mu_ble1"
        }
      },
      "oauth_client": [],
      "api_key": [
        {
          "current_key": "AIzaSyD5scHC6BFwOngiWfAl2fKVWsHJsUI6mtA"
        }
      ],
      "services": {
        "appinvite_service": {
          "other_platform_oauth_client": []
        }
      }
    }
  ],
  "configuration_version": "1"
}